user0,healthcare|sportscasters|elections|running|environment|internet|airlines|automotive|directors|history|grammys
user1,stock exchange|directors|basketball|running|automotive
user2,video games|boxing|running
user3,baseball|us|hockey|comedians|world|indexes|skateboarding|snowboarding|directors|ncaa|golf|energy
user4,companies
user5,education|whitehouse|food|people|science|swimming|comics|world|running|horses|directors|other sports|economists|children|golf|finance
user6,iraq|tennis|grammys|hockey|companies|immigration|technology|elections|technology|comedians
user7,video games|indexes|ncaa
user8,CEOs|racing|tennis|actresses|other sports|banks|sportscasters|style|iraq|airlines|wrestling
user9,golf|racing|environment|technology|ncaa|directors|people|economists|movies|people|energy|hockey|internet|comics|stock exchange|CEOs|real estate
user10,style|immigration|olympics|tennis|football|reporters|healthcare|figure skating|disasters|actresses|video games
user11,movies|comics|whitehouse
user12,style|issues|snowboarding|economists|banks|racing|energy|soccer|taxes|tennis|comedians|stock exchange|books|golf|grammys|technology|history|wrestling
user13,basketball|taxes
user14,directors|technology
user15,automotive
user16,models|issues|movies|soccer|video games|environment
user17,grammys|health|real estate|boxing|stock exchange|tennis|reporters|indexes|other sports|wrestling|swimming|science|directors|soccer
user18,boxing|soccer|people|theatre|immigration|automotive|CEOs|history|olympics|health|us|comedians|producers|snowboarding|wrestling|whitehouse|grammys|weather
user19,real estate|automotive|reporters|basketball|iraq|banks|boxing|stock exchange|wrestling|snowboarding|theatre|movies|immigration|airlines|comics|ncaa|world|studios
user20,elections|economists|reporters|indexes|healthcare|running|education|actors|oscars|energy|movies|us|music|golf|sportscasters|technology|style|producers
user21,directors|indexes|comics|swimming|energy|other sports|comedians|energy|food
user22,artists|technology|science|football|video games|boxing|environment|sportscasters|world|snowboarding|figure skating|directors|history|airlines|people|banks|immigration
user23,weather
user24,comedians|wrestling|science|models|hockey|real estate|tv|children|weather|internet|style|economists|healthcare|people|environment|health|reporters
user25,indexes|CEOs|science|football|disasters|movies|automotive|tv|theatre|studios
user26,whitehouse|science|football|companies|producers|olympics|actors|wrestling|immigration|people|indexes|directors|reporters|children
user27,food|actors|figure skating|weather|technology|video games|baseball
user28,comics|boxing|health|football|music|world|grammys|racing|swimming
user29,reporters|studios|issues|comedians|banks|airlines|basketball|snowboarding|soccer
user30,economists|disasters|finance|artists|directors|style|boxing|health|movies|science|stock exchange|indexes|baseball|books|people|models|wrestling|companies|environment
user31,directors|taxes|history|racing|internet|swimming|sportscasters|indexes|energy|health|other sports|airlines|running|disasters|technology|companies|models
user32,science|airlines|sportscasters|real estate|racing|other sports|hockey|models|studios|world|technology|banks|horses|stock exchange|weather|energy|elections|taxes
user33,comedians|us|running
user34,grammys|studios|stock exchange|history|baseball|comics|racing|comedians
user35,hockey|history|sportscasters|healthcare|people|stock exchange|technology|wrestling|technology|swimming|artists|directors|banks|issues|books|children|figure skating|reporters|actresses
user36,books|movies|internet|CEOs|reporters|real estate
user37,grammys|weather|healthcare|tv|education|finance|people|technology|style|real estate|running|racing|golf|technology|video games|indexes|swimming|actors|automotive
user38,airlines|producers|style|racing|education|comics|tv|science|skateboarding|ncaa
user39,whitehouse|style|video games|baseball|comics|education|us|tennis|movies|iraq|people|healthcare|actresses|energy
user40,environment|wrestling|indexes|automotive|disasters|baseball|books|finance
user41,internet|comics|finance|basketball|actors|actresses|real estate|taxes|food|artists
user42,video games|health|food|automotive|energy|olympics|reporters|basketball|whitehouse|indexes|elections|studios|tennis|baseball|stock exchange|issues|boxing|soccer
user43,skateboarding|immigration|snowboarding|history|iraq|horses|figure skating|environment|energy|people|boxing|food|actresses|science|internet
user44,racing|models|tv|real estate|actors|skateboarding|running|CEOs|whitehouse|comics|figure skating|taxes|technology|companies|world|people|horses|hockey|weather|environment
user45,environment|technology|companies|disasters|books|tennis|automotive|food|energy|grammys|iraq|CEOs|wrestling|olympics|finance|artists|music|health
user46,whitehouse|comics|energy
user47,health|issues|CEOs|theatre|economists|people|hockey|olympics|figure skating|whitehouse|swimming|actresses|comedians|reporters|baseball|airlines|movies|iraq
user48,energy|hockey|comics|science|airlines|actresses|snowboarding|companies|baseball|studios|finance|economists|people
user49,technology|golf|immigration|oscars|science|tv|energy|CEOs|stock exchange|music|movies|issues|hockey|people|boxing|banks|racing|environment
user50,hockey|theatre|comics|energy|studios|environment|wrestling|taxes|airlines|tv|grammys|education|figure skating
user51,stock exchange|finance|horses|technology|indexes|us|models
user52,movies|tennis|books|stock exchange
user53,horses|comedians|indexes|technology
user54,golf|ncaa|music|world
user55,boxing|people|real estate|grammys|immigration|olympics|other sports|football|snowboarding
user56,actors|education|directors|basketball|snowboarding|finance|internet|indexes|style|baseball|producers|oscars|energy|real estate|golf|boxing
user57,companies|environment|internet|taxes|directors|theatre|figure skating|immigration|style|ncaa|elections|actresses|energy|video games
user58,producers|elections|racing|issues|education|grammys|iraq|airlines
user59,directors|environment|grammys|golf|football|skateboarding|iraq|economists|automotive
user60,indexes|football
user61,stock exchange|swimming|food|producers|reporters|indexes|science|iraq|children|health
user62,science|technology|basketball|actresses|wrestling|sportscasters|immigration
user63,sportscasters|actresses|comedians|oscars|companies|other sports|basketball|producers|children|automotive|immigration
user64,boxing|whitehouse|comics|sportscasters|companies|actresses|real estate|iraq|models
user65,weather|world|us|internet|racing|actresses|oscars|baseball|finance|comics|skateboarding|companies|basketball|ncaa|energy|automotive|hockey|people
user66,finance
user67,soccer|snowboarding|swimming|hockey|comics|books
user68,us|video games|whitehouse|finance|elections
user69,economists|airlines|books|hockey|sportscasters|wrestling|internet|golf|tv|olympics|football|education|actors|health
user70,stock exchange|indexes
user71,snowboarding|theatre|books|reporters
user72,automotive|basketball|books|running|actresses|real estate|people|figure skating|energy|baseball|boxing|internet
user73,basketball|baseball|people|stock exchange|soccer|energy|video games|hockey|CEOs|tv|issues|movies|healthcare
user74,movies|actors|style|tennis|snowboarding|ncaa|education|environment|history|actresses|energy|issues|iraq|economists|theatre|producers|people|technology
user75,education|tennis|children|airlines|movies|immigration|healthcare|snowboarding|wrestling|studios|theatre|disasters|basketball|olympics|indexes
user76,directors|skateboarding|world|other sports
user77,reporters|directors|internet|books|baseball|comedians|soccer|golf|weather
user78,oscars|issues|reporters|basketball
user79,comics|technology|sportscasters|us|airlines|hockey|education|oscars|horses|studios|running|style|tennis|CEOs|music|reporters|finance|soccer|environment
user80,banks|figure skating|wrestling|ncaa|companies|reporters|tennis
user81,indexes|horses|us|music|snowboarding|comedians|figure skating|healthcare|artists|environment|energy
user82,healthcare|tv|health|hockey|companies|video games|issues|soccer|skateboarding|iraq|tennis
user83,education|internet|snowboarding|racing|books
user84,internet|football|horses|snowboarding|technology|real estate|figure skating|soccer|running|banks|video games|swimming|other sports|education|olympics|energy|wrestling|CEOs
user85,technology|economists|theatre|oscars|wrestling|running|history|people|movies
user86,iraq|soccer|directors|world|comedians|actors|real estate|wrestling|boxing|CEOs|swimming|technology|golf|indexes|people|economists|style
user87,banks|food|CEOs|artists|us|whitehouse|automotive|actresses|immigration|environment|disasters|theatre|video games|oscars|movies|companies|wrestling|actors
user88,children|economists|directors|baseball|indexes|basketball|people|golf|whitehouse|food|snowboarding
user89,children|science|finance|actresses|CEOs|companies|tennis|swimming|history|oscars|producers|boxing|other sports|world|sportscasters|books|banks|running|video games|golf
user90,style|economists|oscars|olympics
user91,oscars
user92,people
user93,actors|world|food
user94,elections|boxing|figure skating|baseball|disasters|companies
user95,oscars|actresses|environment|actors|tennis|baseball|football|economists|children|issues|disasters|taxes
user96,us|airlines|weather|boxing|disasters|taxes|healthcare|baseball|children|actors|ncaa|automotive|companies|food|running|energy
user97,world|finance|tv|football|figure skating|models|producers|baseball|health|reporters|disasters|airlines|economists|banks|people
user98,producers|weather|indexes|video games|theatre|airlines|banks|CEOs|olympics|history|racing|sportscasters|healthcare|energy|music|football
user99,companies|skateboarding|health
user100,internet|theatre|other sports|companies|energy|stock exchange|comics|immigration|disasters|figure skating|running|health
user101,CEOs|automotive|wrestling|figure skating|economists|world|us|companies|elections|video games
user102,books|comics|CEOs|airlines|snowboarding|world|hockey|finance|comedians|technology|producers|healthcare|studios|golf|sportscasters
user103,baseball|indexes|soccer|automotive|reporters|healthcare
user104,movies|weather|tv|CEOs|stock exchange|hockey|ncaa|energy|artists|banks|world|basketball|indexes|education|automotive|science
user105,finance|technology|elections|health|real estate|energy|comics|actresses|actors|models|healthcare|books|horses|boxing|music|football|taxes
user106,video games|banks|reporters|golf|health|theatre|indexes|children|football|energy|food|figure skating|tennis|history|hockey
user107,immigration|weather|reporters|skateboarding|actresses|internet|figure skating|studios|boxing|oscars
user108,artists|automotive|education|grammys|figure skating|people|technology|reporters|basketball
user109,CEOs|energy|other sports|food|comedians|airlines|boxing
user110,ncaa|video games|artists|other sports|finance|studios
user111,theatre|video games|soccer|environment|comics|style|airlines|studios|golf|energy|models|other sports|sportscasters|immigration|world|issues|wrestling|horses|reporters|basketball
user112,history|education
user113,oscars|boxing|education
user114,grammys|basketball|oscars
user115,sportscasters|studios|reporters|comedians|food
user116,CEOs|finance|elections|artists|wrestling|grammys|healthcare|producers|people|us|snowboarding|health|movies|technology|directors|boxing|video games|economists
user117,baseball|movies|books|actors|world|producers
user118,actors|racing|actresses|children|internet|weather|football|swimming|people|baseball|tv|technology|history|sportscasters|issues|indexes|science|world|horses|video games
user119,elections|finance|running|people
user120,whitehouse|artists|grammys|technology
user121,actors|models|children|whitehouse|issues|food|people|companies|iraq|history|economists|football|wrestling
user122,history
user123,oscars|books|real estate|basketball|history|actresses|people|baseball|racing|CEOs|ncaa|olympics|hockey|companies|healthcare|economists|movies|snowboarding
user124,issues|directors|artists|skateboarding|taxes|food|disasters|automotive
user125,basketball|producers|horses|figure skating|weather|tv|us|companies|people|history|sportscasters|food|hockey|stock exchange|technology|snowboarding|education|baseball|style
user126,environment|whitehouse|video games|other sports|food
user127,snowboarding|children|studios|environment|energy|comedians|airlines
user128,tennis|iraq|comedians|studios|football|taxes|oscars|energy|environment|education|healthcare|racing
user129,whitehouse
user130,golf|health|iraq|music|us|environment
user131,airlines|soccer|whitehouse|artists|children|directors|finance|people|oscars|real estate|actors|economists|immigration|style|elections
user132,companies|us|science|ncaa|history|food|tennis|theatre|video games|models|healthcare|racing|sportscasters|immigration|movies|baseball|education|reporters|indexes|weather
user133,swimming|directors|music|snowboarding|technology|figure skating|models|running|movies|baseball|grammys|CEOs|environment|skateboarding|soccer|books|studios|hockey|energy|health
user134,grammys|airlines|boxing|real estate|theatre|studios|comics|swimming|music|olympics|oscars|history|energy
user135,movies|artists|economists|ncaa|people|producers|whitehouse|olympics|science
user136,environment|taxes|healthcare
user137,artists|figure skating|tennis|books|weather|companies|swimming|football|golf
user138,banks
user139,stock exchange|ncaa|CEOs|baseball|energy|technology|soccer|people|golf|iraq|football|wrestling|figure skating|sportscasters|olympics|swimming|running|hockey|comedians
user140,healthcare|internet|wrestling|weather|stock exchange
user141,style|grammys|basketball|football|health
user142,racing|producers|education|issues|disasters|food|grammys|running|economists|world|music|iraq|theatre|boxing|actresses|directors
user143,hockey
user144,baseball|health|horses|actresses|food|olympics
user145,hockey|companies|skateboarding|real estate|iraq|whitehouse|movies|technology|tv|wrestling|olympics|world|comics|immigration|racing|football
user146,science|issues|boxing|real estate|oscars|whitehouse
user147,video games|tennis|ncaa|science|music|movies|weather|models|indexes|iraq|finance|healthcare|basketball|style|technology
user148,science|education|ncaa|disasters|stock exchange|boxing|internet|racing|world|immigration|people
user149,baseball|figure skating|reporters|stock exchange|companies|healthcare|science|producers|horses|weather|boxing|football|CEOs|racing|technology|oscars|movies|airlines
user150,tv|history|soccer|world|theatre|racing|actresses|football|directors|people|real estate|companies|figure skating|skateboarding
user151,horses|artists|wrestling
user152,food|internet|directors|environment|video games|books|real estate|sportscasters|companies|healthcare|banks|tennis|issues|finance|technology|wrestling
user153,education|people|healthcare|food|producers|olympics|issues|actors|comics
user154,stock exchange|CEOs|football|banks|oscars|video games|producers|skateboarding|ncaa|finance|theatre
user155,indexes|baseball|golf|actors|olympics|wrestling|basketball|horses|internet|directors|oscars|video games|issues|banks|taxes|football
user156,style|us|producers|children
user157,oscars|elections|economists|banks|swimming|basketball|science|ncaa|soccer|actresses|weather|theatre|other sports|issues|actors|history|indexes|boxing|finance
user158,world
user159,grammys|other sports|comics|taxes|disasters|people|hockey|reporters|olympics|skateboarding|video games|internet|soccer|snowboarding|finance|technology|theatre|CEOs|comedians
user160,issues|comedians|real estate|disasters|directors|iraq|tennis|energy|science|other sports|technology|soccer|hockey|education|studios|economists|basketball
user161,indexes|skateboarding|airlines|boxing|theatre|actresses|children|science|issues|sportscasters|tennis|companies|grammys|economists
user162,directors|swimming|CEOs|basketball|technology
user163,people|tennis|sportscasters|science|disasters|whitehouse|finance
user164,disasters|internet|banks|video games|models|immigration|reporters|skateboarding|iraq|boxing|swimming|artists
user165,football|books|snowboarding|golf|horses|CEOs|disasters|real estate
user166,energy|artists|theatre|disasters|baseball|environment|tv|video games|actresses|tennis|books
user167,music|hockey|stock exchange|grammys|science|energy|style|comics|reporters|other sports|weather|racing|technology|actresses|internet|models|figure skating|whitehouse
user168,education|tv|environment|video games|boxing|figure skating|racing|iraq|internet|immigration|whitehouse|hockey|indexes|taxes|wrestling|comedians|soccer|us
user169,style|technology|indexes|racing
user170,actresses|banks|comics|food|sportscasters|people|theatre|elections|science|energy|oscars|grammys
user171,tv|indexes|real estate|CEOs|oscars|running|finance|comedians|world|reporters|other sports|stock exchange|education|soccer|theatre|disasters|snowboarding|artists
user172,comedians|technology|weather
user173,artists|other sports|style|comedians|automotive|books|disasters|world|stock exchange|CEOs|snowboarding|elections|us|directors
user174,stock exchange|CEOs|books|immigration|olympics|sportscasters|other sports|history|running|automotive|technology|style|skateboarding|grammys
user175,CEOs|sportscasters|video games|directors|swimming|movies|baseball|issues|people|tv|environment|technology|companies|wrestling|iraq|comedians|economists|elections|finance
user176,weather|basketball|models|producers|soccer|technology|oscars|real estate|energy|ncaa|comedians|elections|skateboarding|comics|environment|baseball
user177,artists|music|racing|skateboarding|stock exchange|reporters|snowboarding|sportscasters|boxing
user178,horses|immigration|internet|comedians|whitehouse|actresses|food|producers|health|tv|theatre|indexes|elections|books|issues|music|grammys|other sports|tennis|hockey
user179,economists|basketball|video games
user180,people|artists|style|soccer
user181,whitehouse|olympics|weather|grammys|food|other sports
user182,food|issues|energy
user183,people|golf|environment|technology|reporters
user184,comics|grammys|baseball|running|iraq|ncaa|science|tv|us
user185,history|real estate|racing|grammys|stock exchange
user186,style|immigration|grammys|technology|tennis|oscars|finance|comics|internet|football
user187,theatre|artists|other sports|children|hockey|snowboarding|technology|music|whitehouse|boxing|world|sportscasters|healthcare|oscars|baseball|banks|finance|grammys|taxes|environment
user188,real estate|swimming|science|artists|history|actors|disasters|people|music|racing
user189,olympics|iraq|grammys|books|whitehouse|hockey|environment|people|horses|studios|running|models|music|ncaa|movies|taxes|directors
user190,internet|healthcare|actresses|swimming|issues|CEOs|directors|soccer|artists
user191,iraq|tv|ncaa|technology|whitehouse|environment|horses|CEOs|finance|racing|oscars|taxes|people|studios|healthcare|hockey|disasters|internet|figure skating
user192,running|comics|wrestling|world|science|healthcare|finance|golf|disasters|iraq|studios
user193,iraq|models|horses|style|health
user194,producers|taxes
user195,basketball|science|food|technology|tv|taxes|finance|sportscasters|stock exchange|movies|horses|producers|baseball|olympics|figure skating|oscars|technology|children|boxing
user196,comedians|stock exchange|books|taxes|CEOs|tennis
user197,artists|baseball|stock exchange|technology|olympics|hockey|people|boxing|directors|racing|other sports|actors|disasters|banks|oscars|sportscasters
user198,golf|iraq|studios|style|theatre
user199,olympics|horses
user200,sportscasters|olympics|indexes|children|studios|us|grammys|directors|tennis|artists|snowboarding|weather|producers|running|actresses|ncaa|real estate
user201,ncaa|producers|elections|wrestling|actresses|artists|reporters|airlines|basketball|style|whitehouse|swimming
user202,studios|issues|boxing|other sports|books|banks|world|actresses|companies|health|tennis|whitehouse|internet|snowboarding|immigration
user203,basketball|stock exchange|figure skating|comedians|health|healthcare
user204,issues|books|wrestling|banks|indexes|disasters|video games|people|environment|energy|us|grammys|racing
user205,ncaa|racing|golf|skateboarding|education|banks|football|comedians|other sports|environment|snowboarding|tennis|CEOs
user206,running|airlines|basketball|technology|producers|economists|reporters|racing
user207,indexes|artists|children|wrestling|theatre|immigration|hockey|education
user208,weather|running|world|movies|music|technology|basketball|energy|elections|issues|automotive
user209,health|iraq|oscars|comics|issues|CEOs|wrestling|boxing|education|comedians|food|taxes|figure skating|weather
user210,finance|stock exchange|swimming|internet
user211,hockey|automotive|companies|style|immigration|us|world|music|grammys|golf|taxes|children|actresses|environment|CEOs|comedians|elections|people|disasters|iraq
user212,history|airlines
user213,models|real estate|swimming|producers|environment|wrestling|people|tv|stock exchange|companies
user214,education|actors|ncaa|banks|video games|sportscasters|basketball|hockey|grammys|artists|healthcare|reporters|energy|world|other sports|books|finance|theatre|technology
user215,snowboarding|basketball|swimming|us|energy|banks
user216,figure skating|racing
user217,swimming|actresses|disasters|world|companies|tv|directors|comedians|figure skating|boxing|models|skateboarding|studios|economists|history|golf
user218,weather|wrestling|stock exchange|health|racing|people|oscars|baseball|comedians|banks|indexes|theatre|economists
user219,tennis
user220,technology|olympics|video games|history|skateboarding|sportscasters|golf|technology|soccer|music|theatre|basketball|education|wrestling
user221,world|CEOs|golf|finance|technology|artists
user222,snowboarding|energy|history|taxes|swimming|artists|producers
user223,soccer|actresses|finance
user224,wrestling|figure skating|healthcare|science|artists|environment|horses|companies|oscars|banks|producers|disasters|models|style
user225,companies
user226,us|immigration|olympics|other sports|people|actresses|food|artists|environment|indexes|books|technology|grammys|golf|figure skating
user227,video games|taxes|artists|basketball|environment
user228,us|science|football|grammys|oscars|boxing|finance|issues|real estate|studios|comics|healthcare|horses
user229,people|stock exchange|environment|weather|movies|actresses|elections|football
user230,disasters|sportscasters|tv|running|comics|whitehouse|snowboarding|theatre|comedians|artists
user231,golf|automotive|style|grammys|actors|soccer|other sports|basketball|video games
user232,science|internet|oscars|music
user233,music|skateboarding|grammys|technology|books|us|indexes|people|horses|economists|racing|theatre|technology|people|immigration|food|figure skating
user234,olympics|technology|iraq|sportscasters|companies
user235,style|energy|reporters|health|internet|whitehouse|figure skating|ncaa|movies|tennis|producers|studios
user236,weather|basketball|golf|airlines|healthcare|elections|books|sportscasters|oscars|olympics|tennis|other sports|wrestling|skateboarding|hockey|world|actresses|style|children
user237,comedians|real estate|books|tv|oscars|racing|wrestling|health
user238,golf|technology|real estate|actors
user239,issues|food|models|running|children|producers|people|video games|oscars|immigration|companies|automotive|ncaa|boxing|sportscasters|elections|technology|snowboarding
user240,boxing|children|iraq|airlines|figure skating|directors|baseball|economists|people|science|health
user241,producers|studios|horses|artists|olympics|us|technology|world|tennis|football|tv
user242,oscars|swimming|theatre|energy|skateboarding
user243,sportscasters|immigration|wrestling|indexes|technology|football|airlines|grammys|ncaa|comedians|racing|energy
user244,people|ncaa|wrestling|environment|finance|food|disasters|issues|iraq|automotive|theatre|movies|healthcare
user245,sportscasters|golf|figure skating|movies|wrestling|food|books|ncaa|technology|children|style
user246,reporters|football|us
user247,video games|science|finance|food|skateboarding|iraq|wrestling|models|world|olympics|economists|actresses|grammys|technology
user248,books|history|basketball|comics|automotive|food|airlines|indexes|swimming|boxing|health|technology|energy|horses|music
user249,healthcare|iraq|actresses|us|swimming|health|weather|music|directors|football|children|movies|science|other sports|artists|skateboarding|studios
user250,actors|soccer|racing|children|airlines|style|baseball|models|economists|video games|sportscasters|other sports|actresses|wrestling|people
user251,golf|wrestling|internet|snowboarding|studios
user252,skateboarding|other sports|taxes|golf|world|health|theatre|indexes|music|weather
user253,environment|energy|us|science|basketball|immigration|actresses|theatre
user254,artists|reporters|people|companies|internet|style|taxes|disasters|other sports|finance|studios|skateboarding|figure skating|books|education|science|economists|people|swimming|tennis
user255,immigration|running|energy|actors|models|environment|ncaa|tv|technology|healthcare|boxing|tennis|wrestling|weather|automotive|directors|actresses|people
user256,olympics|technology
user257,other sports|education|banks|directors|soccer|baseball|style|olympics|running|science|video games
user258,boxing|models|health|swimming|baseball|indexes|weather|movies|CEOs|companies|horses|skateboarding|video games
user259,basketball|movies|comics|tennis|football|energy|technology|actors|golf|banks|music|world|models|hockey
user260,us|world|models|oscars|video games|children|swimming|health|indexes
user261,world|companies|comics|theatre|baseball|basketball|CEOs|football
user262,weather|internet|oscars|snowboarding|swimming|technology|music|video games|studios|football|figure skating|food|directors|companies|tennis
user263,comedians
user264,people|artists|whitehouse|economists|environment|soccer|banks|directors|reporters|energy|healthcare
user265,wrestling
user266,disasters|reporters|golf|comedians|real estate|other sports|models|producers|horses|comics|movies|weather|oscars|economists|CEOs|ncaa|world|indexes|books
user267,wrestling|soccer|sportscasters|horses|baseball|other sports|banks|us|companies|technology|running|golf|iraq|health|finance|elections|healthcare|basketball|indexes
user268,wrestling|racing|taxes|people|studios|golf|elections|directors|horses|indexes|music|video games|snowboarding|us|children|soccer|science
user269,comedians|automotive|football|CEOs
user270,real estate|taxes
user271,elections|issues|wrestling|energy|automotive|studios|internet|movies|comics|health|directors
user272,children|golf|banks|science|olympics|education|basketball|real estate|tv|style|theatre|soccer|oscars
user273,directors|reporters|ncaa|whitehouse|movies|theatre|economists|swimming|technology|video games|airlines|issues|health|horses|sportscasters|skateboarding|soccer|figure skating
user274,racing|producers|other sports|food|sportscasters|actresses|comics|elections|soccer|oscars|figure skating|healthcare|taxes|automotive|tennis
user275,music|oscars|comics|environment|disasters|movies|other sports|companies|economists
user276,healthcare
user277,economists|children|tv|snowboarding|style|companies|basketball|energy|swimming|iraq|olympics|taxes|books|other sports|education|comics|stock exchange
user278,football|ncaa|grammys|history|sportscasters|energy|us|comics|directors|companies|stock exchange|style|disasters|tennis|whitehouse|producers|tv
user279,theatre|weather|issues|racing|swimming|snowboarding|producers|food
user280,whitehouse|basketball|technology|technology|horses|producers|food|CEOs|studios|comics|theatre|history|health|artists|taxes|us|football|books
user281,video games|hockey|iraq|people|actresses|wrestling|people|health|education|finance|oscars|us|running|indexes|internet|technology|history|directors
user282,technology|directors|iraq|style|hockey|healthcare|banks|companies|basketball|olympics
user283,books|automotive|comics|energy|actors|banks|style|grammys|technology|iraq|science|children
user284,us|food|golf|olympics
user285,taxes|artists|companies|theatre|immigration|iraq|environment|studios|tennis|healthcare
user286,football|internet|finance
user287,boxing|iraq|environment
user288,health|hockey|figure skating|taxes|sportscasters|swimming|healthcare|comedians|ncaa|tennis
user289,sportscasters|soccer|music|energy|producers|children|video games|tennis|real estate|movies|models|olympics|weather
user290,education|models|finance|issues|science|disasters|actors|oscars
user291,people|whitehouse|healthcare|actors|artists|other sports|issues|tv|technology|boxing|sportscasters|movies|studios|racing|economists
user292,us|baseball|economists|oscars|weather|CEOs|other sports|issues|taxes|airlines|video games|producers|basketball|studios|healthcare|soccer
user293,history|theatre|olympics|stock exchange|energy|boxing|banks|education|studios|people|hockey|taxes|environment|science|weather|internet|horses|issues|racing|energy
user294,economists|actresses
user295,theatre|companies|studios|history|us|baseball|technology|swimming|directors|health|children|airlines|stock exchange|environment|CEOs|oscars|skateboarding
user296,elections|healthcare|whitehouse
user297,directors|running|issues|technology|actors|companies|people|theatre
user298,iraq|olympics|tennis|running|skateboarding|technology|soccer|education|producers|real estate
user299,other sports|technology|people
user300,models|healthcare|people|style|snowboarding|people|health|actresses|education|producers|soccer|technology|technology|horses|baseball|music|tennis|reporters|world
user301,technology|tennis|racing|environment|economists
user302,environment|iraq|grammys|ncaa|elections|sportscasters|horses|tv|producers|tennis|baseball|history|style|energy|indexes
user303,stock exchange|people|environment|video games|studios|comedians|whitehouse|education|models|children|theatre|companies|science|issues|tennis|style|iraq|boxing
user304,science|real estate|music|healthcare
user305,energy|real estate|studios|elections|artists|tv|disasters|basketball|grammys|golf|iraq|taxes
user306,football|models|finance|comics|disasters|actresses|horses|baseball|economists|banks|elections|companies|racing
user307,healthcare|baseball|taxes|technology|disasters|skateboarding|actors|reporters|health|environment|other sports|weather|hockey|people|comics|science
user308,studios|issues|olympics|stock exchange|food|automotive|environment|comics|actors|tv|swimming|books|other sports|healthcare|technology|figure skating|soccer|disasters|racing|tennis
user309,tennis|other sports|children|disasters
user310,baseball|skateboarding|automotive|studios|science
user311,other sports|snowboarding|history|automotive|wrestling|CEOs|racing|internet|food|science|olympics|us|theatre|people|video games|baseball|issues|golf|environment
user312,internet|actresses|skateboarding|books|education|oscars|real estate|baseball|actors|hockey|other sports|music|whitehouse|comics|elections|producers|technology|golf|video games
user313,basketball|models|directors|iraq|environment|horses|artists|people|tv|weather|reporters|grammys
user314,indexes|sportscasters|stock exchange|horses|technology|issues|environment|us|swimming|tennis|people|immigration|directors|models|internet|ncaa|companies|soccer
user315,olympics|oscars|taxes|movies|us|economists|energy|indexes
user316,whitehouse|comics|indexes|artists|food|figure skating|models|real estate|companies|people|skateboarding|movies|basketball
user317,studios|people|basketball|us|weather|iraq|models|health|comedians|snowboarding|wrestling|hockey|racing|world|science|running|music|education|taxes
user318,tv|soccer|companies|airlines|healthcare|style|actors|us|weather|issues|stock exchange|elections|taxes|football|iraq|wrestling|reporters|running
user319,immigration|snowboarding|basketball|people
user320,us|golf|basketball|figure skating|reporters|stock exchange|healthcare
user321,baseball|football|tennis|airlines|us|skateboarding|indexes|horses|elections|energy|CEOs|video games|studios
user322,basketball|food|producers|healthcare|models|internet|grammys|skateboarding|energy
user323,us|actors|automotive|reporters|science|taxes|sportscasters|style|technology|video games|swimming|food|immigration|economists|tennis|basketball|airlines|comedians|racing
user324,soccer|weather|movies|basketball|people|wrestling|producers|energy|history|oscars|hockey|tv|boxing
user325,finance|technology|oscars
user326,swimming|hockey|environment|health|taxes|music|comics|tv
user327,comedians|boxing|healthcare|CEOs|racing|food|soccer|history
user328,real estate|airlines|other sports|style|food|automotive|tv|stock exchange|immigration|reporters|economists|taxes|studios|running|theatre|hockey|actresses|comedians|football
user329,swimming|artists|sportscasters|us
user330,horses|economists|oscars|technology|models|wrestling|iraq|style|finance|energy|studios|tennis|people|movies
user331,banks|artists|baseball|CEOs|theatre|energy|running|technology|sportscasters
user332,finance|studios|energy|olympics
user333,studios
user334,models|actors|food|people|health|energy|grammys|airlines
user335,automotive
user336,golf
user337,racing|artists|books|health|theatre
user338,snowboarding|food|golf|racing|world|grammys
user339,music
user340,basketball|baseball|directors|weather|reporters|iraq|internet|style|stock exchange|technology|grammys|economists
user341,directors|theatre|figure skating
user342,skateboarding|people|hockey|automotive|immigration|style|education|grammys|indexes|people|elections|internet|wrestling|disasters|whitehouse|children|baseball|healthcare|football
user343,children
user344,wrestling|comics|sportscasters
user345,history|style|models|food|comedians|basketball
user346,food
user347,stock exchange|artists|finance|grammys|skateboarding|video games|taxes|racing|energy|comics|people|actresses|swimming|disasters|real estate|style|healthcare|models|movies
user348,running|science|healthcare|directors|issues|football|technology|soccer|weather|basketball
user349,golf|stock exchange|issues|racing|movies|horses|producers|artists|style|tv|olympics|finance|soccer|automotive|immigration|video games|economists|comics|theatre
user350,tv|science|internet|whitehouse|issues|directors|education|banks|food|grammys|people
user351,whitehouse|video games|health|us|education|grammys|wrestling|books|iraq|running|movies|baseball|children|skateboarding
user352,CEOs|running|music|horses|internet|education|tv|basketball|economists|elections|sportscasters|food|energy|children
user353,food|other sports|producers|banks|golf|automotive|real estate|movies|science|horses|indexes|football|directors
user354,hockey|soccer|automotive|banks
user355,sportscasters|baseball|actors|football|grammys|ncaa|hockey|companies|running|producers|artists|people|healthcare|horses|movies|children|economists|style|music|boxing
user356,ncaa|people|banks|whitehouse|people|racing|video games|economists
user357,education|books|studios|energy|elections|disasters|figure skating|swimming|finance|skateboarding|science|olympics|reporters
user358,children|baseball|stock exchange|style|finance|video games|snowboarding|internet|automotive|healthcare|whitehouse|history
user359,grammys|figure skating|other sports|studios|immigration|comics|children|economists|theatre|football|energy|swimming|oscars|history|directors|tv
user360,soccer|video games|wrestling|finance|internet|football|environment|food|automotive|people
user361,comedians|running|issues|science|ncaa
user362,actresses|books|energy|stock exchange|disasters
user363,internet|reporters|whitehouse|automotive|soccer|energy|artists|stock exchange|airlines|companies|elections|producers|economists|horses|swimming
user364,airlines|basketball|disasters
user365,finance
user366,golf|us
user367,boxing|health|issues|education|olympics|indexes|soccer|elections|figure skating
user368,energy|finance|us|other sports|elections|automotive|olympics|technology|stock exchange|movies|technology|models|wrestling|indexes|banks|children|video games|actors|environment
user369,history|movies|weather|racing
user370,actors|wrestling|basketball|artists|directors|boxing|baseball|hockey|racing|science|stock exchange|automotive|models|airlines|disasters|style|producers
user371,history|science|immigration
user372,energy|boxing|weather|grammys|people|indexes|iraq|us|video games|tennis|children
user373,science|hockey|boxing|directors|technology|iraq|other sports|taxes|producers|skateboarding|wrestling|swimming|basketball|children|soccer|economists|music
user374,producers|actors|studios|issues|health|weather|economists|comedians
user375,horses|airlines|people|whitehouse|artists|technology|theatre|banks|figure skating|science|baseball|us|style|CEOs
user376,children|economists|oscars|taxes|ncaa|real estate
user377,theatre
user378,companies|soccer|music|actresses|running
user379,immigration|style|CEOs|running
user380,wrestling|swimming|energy|environment|elections|baseball|comics|movies|banks|economists|reporters|internet|history|olympics|us|grammys
user381,stock exchange|real estate|horses|healthcare|health|finance|us|books|golf|olympics|elections|CEOs|economists
user382,grammys|soccer|style|swimming
user383,skateboarding|figure skating|golf|actresses|real estate|snowboarding|directors|iraq|weather|education|world|disasters|wrestling|CEOs|children
user384,internet|theatre|style|immigration|iraq|movies|olympics|stock exchange|skateboarding|science|tv|grammys|food|reporters|taxes|models
user385,models|economists|basketball|banks|us|indexes|finance
user386,people|directors|grammys|economists|actresses|style|models|swimming|tv|producers|energy|golf|technology|CEOs
user387,grammys|world|actors|music|people|taxes|boxing|healthcare|hockey|basketball
user388,iraq|olympics|soccer|wrestling|racing
user389,style|people|comics|football|movies|tv|stock exchange|indexes|directors|baseball|olympics|taxes|artists|producers|racing|economists|oscars|sportscasters|disasters
user390,children|oscars|running|stock exchange|people|disasters|snowboarding|sportscasters|real estate|iraq|figure skating
user391,music|other sports|CEOs|producers|artists|models|technology|education|automotive
user392,horses|economists
user393,basketball|children|science|energy|movies|swimming|boxing|running|technology|automotive|wrestling|directors|racing|hockey|disasters
user394,world|comics|baseball|wrestling|people
user395,real estate|ncaa|other sports|producers
user396,horses|comics|boxing|soccer|skateboarding|oscars|other sports|world|tennis|ncaa|grammys|healthcare|basketball|us
user397,elections|snowboarding|olympics|figure skating|whitehouse
user398,style|football|other sports|ncaa|grammys|elections|producers|healthcare|indexes|technology|finance
user399,models|real estate|reporters|environment|whitehouse
user400,video games|people
user401,hockey|soccer|iraq|energy|wrestling|whitehouse|actresses|oscars|snowboarding|energy|children|people|economists
user402,figure skating|food|history|disasters|automotive|boxing|movies|CEOs|style|actors|grammys|football|iraq
user403,taxes|technology|sportscasters|health|producers|world|companies|music|running|studios|real estate|baseball|horses|football
user404,sportscasters|models
user405,studios
user406,movies|wrestling|history|baseball|education|skateboarding|science|video games|reporters|whitehouse|healthcare
user407,economists
user408,olympics|hockey
user409,issues|hockey|immigration|figure skating|health|music|soccer|world|books
user410,soccer|airlines|actors|video games
user411,racing|other sports|airlines|football|basketball|us|actors|wrestling|swimming|food|skateboarding|snowboarding|technology
user412,technology|video games|actors|us|oscars|wrestling|tennis|horses|science|olympics|actresses|models|taxes|studios|artists|airlines
user413,iraq|artists|automotive|stock exchange|swimming|internet|tennis|food|technology|finance|airlines|history|style|education|indexes|economists|environment|models|CEOs
user414,history|health|hockey|baseball|theatre|internet|studios|figure skating|producers|automotive|indexes|video games|grammys|disasters|CEOs|golf|tv
user415,books|energy|artists|grammys|wrestling|actors|snowboarding
user416,people|directors
user417,actors|technology|golf|comics|us|iraq|history|comedians|children|oscars|CEOs|studios|energy|artists|education|baseball|basketball
user418,video games|environment|science|indexes|taxes|directors|airlines|figure skating|theatre|immigration|racing|ncaa|internet|people|actresses
user419,issues|CEOs
user420,baseball|education|health|boxing|comics|stock exchange
user421,disasters|music|running|finance|oscars|sportscasters|video games|energy|comics|grammys|actors|internet|us|banks|directors|environment|technology|reporters|racing
user422,energy|children|comics|finance|world|video games|style|people|technology|issues|education|books|disasters|baseball|automotive|ncaa|taxes
user423,actors|horses|CEOs|golf|health|issues|stock exchange|disasters|running|tv|video games|history|ncaa|racing|models|environment|tennis|children|elections
user424,football|indexes|ncaa
user425,football|hockey
user426,history|snowboarding|indexes|issues|artists|elections|comedians|style|hockey|other sports|boxing|food|taxes|us|world|airlines|whitehouse|football|stock exchange
user427,snowboarding|other sports
user428,issues|swimming|running|whitehouse|banks|music|video games|companies|health|wrestling|artists
user429,golf|comics|artists|environment|energy|actresses|horses|tv|reporters|children
user430,energy|boxing|CEOs|reporters|immigration|theatre|tennis|other sports|grammys|actors|companies|ncaa|golf|people|indexes|racing|elections|studios
user431,golf|food|people|environment|tennis
user432,actresses|studios
user433,finance|technology
user434,sportscasters|other sports|health|books|real estate|whitehouse
user435,grammys|automotive|theatre|companies|figure skating|boxing|whitehouse|producers|energy|tv|weather|running|environment|indexes
user436,baseball|issues|studios|disasters|horses|comics|banks|movies|finance|science|running|comedians|artists|producers|hockey|racing|CEOs|actors|boxing|energy
user437,actors|actresses|finance
user438,automotive|horses|sportscasters|healthcare|finance|indexes
user439,basketball|wrestling|hockey|other sports|ncaa|indexes|people
user440,children|style|grammys|people|food|healthcare|history|racing|whitehouse|studios|iraq|health|real estate
user441,world|indexes|energy|movies|technology|grammys|figure skating|theatre|actresses|books|technology|baseball|food|whitehouse|studios|elections
user442,CEOs|immigration|companies|figure skating|theatre
user443,weather|basketball|people|reporters|boxing|movies|models|golf|energy|banks
user444,healthcare
user445,energy|books|running|producers
user446,racing|airlines|models|environment|tv|immigration|technology|disasters|real estate|olympics|running|comics|finance|education|us|books|economists|banks|whitehouse
user447,books|soccer|video games|food|golf
user448,football|science|running|people|history|wrestling|books|racing|automotive|food|stock exchange|banks|actresses|us|tennis|people|figure skating
user449,real estate|history|baseball|education|hockey
user450,style|banks|producers|ncaa|movies|environment|tennis
user451,basketball|real estate|style|oscars|technology|healthcare
user452,comedians|children|comics|tennis|racing|people|sportscasters|baseball|education|boxing|companies|CEOs|stock exchange|whitehouse|running|studios|actresses|style
user453,skateboarding|technology|airlines
user454,running|actors|swimming|horses|wrestling|baseball|healthcare
user455,reporters|real estate|comedians|environment|grammys|immigration|disasters|wrestling|companies|tennis|racing|internet|children|world|soccer
user456,artists|food|energy|football|finance|healthcare|airlines|history|skateboarding|oscars|elections|video games|people|other sports|movies|comedians|education|banks
user457,olympics|taxes|horses
user458,music|banks|hockey|football|other sports|racing|finance|food|energy|us
user459,reporters|iraq
user460,video games|hockey|science|comics
user461,education|golf|football|video games|actresses|indexes|racing|food|airlines|internet|stock exchange|style|baseball|other sports|elections|tennis|running|snowboarding
user462,racing|education|real estate|comics|issues|hockey|automotive|soccer|skateboarding|healthcare|reporters|olympics|running|producers|horses|video games|history|health
user463,automotive|music|horses|children|comedians|oscars|internet|us|running|wrestling|tv|technology|whitehouse|grammys|finance
user464,hockey
user465,models
user466,producers|energy|swimming|other sports|elections|horses
user467,food|running|actresses
user468,grammys|actresses|people|directors|indexes|health|golf|science
user469,world|producers|running|food|whitehouse|books|olympics|racing|oscars|theatre|directors|style
user470,elections
user471,taxes|theatre|reporters|olympics|finance|skateboarding|internet|studios|running|soccer|hockey|basketball|comics|iraq|education|artists|food|tv
user472,sportscasters|taxes|economists|baseball|CEOs|actresses|golf|books|snowboarding|health|wrestling|comedians|racing|models|grammys|automotive|theatre|style
user473,style|food|other sports|children|economists|disasters|grammys|history|tv|music|taxes|finance
user474,comics|snowboarding|basketball|whitehouse|running|reporters|studios|energy|comedians|companies|indexes|healthcare|internet|sportscasters
user475,taxes|internet|figure skating|reporters|healthcare|ncaa|golf|books|disasters|soccer|artists|companies|tennis|children|theatre|basketball|real estate|olympics|movies|video games
user476,sportscasters|education|health|racing|iraq|comics|horses|golf|actresses|studios|running|baseball|olympics|finance|reporters|other sports|elections|economists
user477,finance|theatre|tennis|football|energy|tv|indexes|running|health|reporters|economists|immigration
user478,finance|weather|snowboarding
user479,immigration|food|internet|olympics|grammys
user480,stock exchange|food|education|soccer|movies|energy|real estate|other sports|figure skating|immigration|CEOs|children|golf|models|finance|weather|whitehouse
user481,food|stock exchange|boxing
user482,finance|elections|books|video games|golf|tennis|CEOs|reporters|people|technology|running
user483,comedians|elections|weather|energy|energy|horses|history|reporters|theatre
user484,basketball|tennis
user485,other sports|boxing|figure skating|children|automotive|tennis|technology|models|golf|airlines|energy|music|artists|grammys|swimming|wrestling|sportscasters|indexes|people
user486,health|world|movies|people|studios|oscars|golf|energy|us|theatre|actresses|soccer
user487,people|comedians|people|grammys|internet|iraq|horses|models|history|education|weather|energy
user488,boxing|energy|disasters|energy
user489,basketball|actresses|energy|children|health|disasters|skateboarding
user490,airlines|racing|style|science|elections
user491,horses|running|technology|health|children|racing|movies|soccer|music|sportscasters|boxing|healthcare|taxes|style|grammys
user492,economists
user493,children|skateboarding|wrestling|us|producers
user494,swimming|models|banks|baseball|health|people
user495,producers|golf|airlines|studios|horses|stock exchange
user496,boxing|us|whitehouse|children|stock exchange|actresses|issues|grammys|sportscasters|theatre|ncaa|basketball|tennis|studios|iraq|environment|models
user497,immigration|olympics|wrestling|internet|children|banks|theatre|video games|books|disasters|boxing|issues|us|airlines|environment|models|oscars|football|running|basketball
user498,olympics|energy|children|tv|studios|stock exchange|books|automotive|swimming|taxes|theatre|snowboarding|weather|directors|education
user499,comedians|football|books|history|automotive|people|economists|video games|wrestling|ncaa|other sports
user500,history|football|automotive|health|reporters|directors|internet|education|horses|skateboarding|food|other sports|us|models|theatre|snowboarding|technology|olympics|energy
user501,models|actresses
user502,science|oscars|environment|boxing|energy|comics
user503,baseball|iraq|tv|racing|horses|wrestling|swimming|internet|basketball|golf|artists|finance|real estate|elections
user504,education|world|disasters|soccer
user505,football|olympics|producers|tv|comics|books|other sports|children|taxes|comedians|swimming|video games|studios|running|iraq|tennis
user506,hockey|environment|soccer|children|CEOs|disasters|books|basketball|sportscasters|weather|whitehouse|taxes
user507,boxing|CEOs|models|wrestling|disasters|energy|automotive|stock exchange|video games|directors|banks|football|real estate
user508,people|education|actors|tennis|video games|swimming|oscars|finance|comics|soccer|models|people|directors|skateboarding
user509,food|weather|studios|figure skating|whitehouse|books|basketball|football
user510,ncaa|history|actors|automotive|technology|skateboarding|people|science|comedians|energy|wrestling|football|finance
user511,studios|automotive|science|issues|us|people|education|style|taxes|running|technology
user512,issues|history|theatre|actresses|grammys
user513,world|environment|economists|banks|internet|wrestling
user514,comics|real estate|football|health|skateboarding|theatre|boxing|healthcare|history|food|golf|basketball|ncaa|banks|baseball
user515,people|video games|elections|wrestling|world|skateboarding|snowboarding|oscars
user516,stock exchange|technology
user517,hockey
user518,companies|movies|basketball|video games|sportscasters|music
user519,movies|soccer|people|swimming|running|science|boxing|directors|health|immigration|other sports|education|finance|hockey|reporters|books|oscars|figure skating
user520,artists|football|olympics|healthcare|reporters|style|baseball|whitehouse
user521,sportscasters|children|companies|technology|other sports|movies|football
user522,environment|basketball|internet|issues|swimming|history|us|actresses|ncaa
user523,science|airlines|healthcare|football|other sports
user524,finance|children|health|comics|food
user525,whitehouse|children|airlines|healthcare|reporters|immigration|music|taxes|boxing|hockey|horses
user526,basketball|us|swimming|environment|stock exchange|indexes|CEOs
user527,grammys|indexes|finance|internet|baseball|technology|hockey|CEOs|real estate|health|stock exchange|sportscasters|racing|actresses|figure skating|environment|music|books|oscars|basketball
user528,weather|models|football|hockey|food|horses|soccer|skateboarding|us|environment|comedians|airlines|reporters
user529,CEOs|taxes|environment
user530,figure skating|sportscasters|directors|finance|ncaa|weather|reporters|baseball|technology|boxing|oscars|horses|food|racing|issues
user531,science|running|comedians|elections|movies|boxing|hockey|style|tv|tennis|economists
user532,basketball|education|boxing|figure skating|tv|finance|football|music|reporters
user533,comics|snowboarding|artists|energy|grammys|real estate|football|movies|immigration|indexes|tennis|horses|basketball|actresses|olympics
user534,comics|tennis|ncaa|taxes|economists|immigration|other sports|figure skating|science|disasters|horses|wrestling|grammys
user535,technology|banks|horses|food|oscars|healthcare|issues|swimming|technology|skateboarding
user536,technology|education|boxing|horses|golf|finance|automotive|weather|energy|indexes|people|directors
user537,indexes|world|wrestling|elections|theatre|taxes|companies|technology|horses|oscars|studios|video games|us|issues
user538,baseball|wrestling|world|education|style|real estate|disasters|energy|soccer|indexes|ncaa|swimming|energy|technology|elections|health|other sports
user539,issues|hockey|elections|boxing|people|disasters|racing|technology|health|weather|horses|companies|history|world|golf|airlines|stock exchange|sportscasters|comics
user540,racing|grammys|style|technology|running|wrestling|other sports|education
user541,ncaa|movies|actresses|people|CEOs|history|horses|tv|producers|automotive|energy|comics|figure skating
user542,boxing
user543,energy
user544,movies|tennis|football|real estate|technology|health|children|actresses
user545,producers|stock exchange|immigration|golf
user546,video games|airlines|olympics|theatre|food
user547,energy|internet|weather|soccer|figure skating|ncaa|theatre|CEOs|golf|energy|hockey|sportscasters
user548,children|science|education|sportscasters|ncaa|whitehouse|indexes|real estate|people|baseball|technology|tennis|swimming|stock exchange|actors|issues|immigration|world
user549,comedians|tennis|racing|music|people|issues|automotive|technology|ncaa
user550,baseball|studios|disasters|directors|energy
user551,soccer|internet|economists|finance|racing|boxing|style|ncaa|iraq|health
user552,CEOs|iraq
user553,food|health|history|music|issues
user554,snowboarding|football|models|artists|comedians|tv|ncaa|skateboarding|grammys|healthcare|environment|immigration|automotive|internet|stock exchange|real estate|finance|people|weather|soccer
user555,reporters|video games|automotive|studios|weather|books|golf|style|basketball|iraq
user556,running|hockey|reporters|environment|us|airlines
user557,tv|sportscasters|disasters|children|food|actresses|soccer|automotive|other sports
user558,economists|children|running|models|swimming|basketball|airlines|grammys|theatre|producers|healthcare|soccer|figure skating|comedians|internet|immigration|style
user559,snowboarding|video games|children|science|world|banks|food|olympics|stock exchange|figure skating|real estate|boxing|airlines|indexes|people|golf|weather|actresses
user560,history|boxing|people|theatre|world|reporters|figure skating|indexes|tv|style|real estate|models|environment|running|airlines|tennis|economists
user561,children|figure skating|soccer|science|football|theatre|indexes|environment|health|people|skateboarding|CEOs|actresses|immigration|studios|comics|racing|whitehouse|running|healthcare
user562,tv|children|comedians|football|other sports|actors|golf|music|running|energy|olympics|finance|technology|swimming
user563,automotive|grammys|wrestling|immigration|hockey|weather|other sports|soccer|snowboarding|environment|theatre|internet|baseball|indexes|figure skating|style|ncaa
user564,snowboarding|comics|boxing|football|directors|hockey|video games|internet|environment|running
user565,football|technology|music|oscars|soccer|wrestling|airlines|companies|tv|basketball|children|actors|hockey|figure skating|ncaa|books|producers|snowboarding|reporters
user566,reporters
user567,other sports|figure skating|studios|sportscasters|theatre|skateboarding|horses|energy|basketball|elections|football
user568,reporters|theatre|grammys|energy|indexes|companies|technology|technology|disasters|people|models|books|science|horses|education|boxing|actresses|healthcare
user569,technology|health|olympics|food|technology|studios|history|music|football|issues|airlines|swimming|hockey|people|companies|world|theatre
user570,energy|movies|baseball|reporters|banks|health|boxing|models|education|wrestling
user571,music|us|automotive|elections|olympics|skateboarding|people|children|finance|artists|models|science|basketball|swimming|golf|history|movies|directors|people|environment
user572,books|figure skating|actors|swimming|whitehouse|boxing
user573,swimming|disasters
user574,boxing|models|soccer|immigration
user575,swimming|energy
user576,comedians|technology|theatre|iraq|style|running|figure skating|actresses|health|history|elections|banks|CEOs|food|reporters|studios|people|whitehouse|horses|hockey
user577,running|airlines|grammys|reporters|figure skating|style|racing|health|oscars|finance|taxes|ncaa|boxing|basketball|iraq|swimming|technology|people
user578,internet|running|other sports|style|hockey|soccer|reporters|children|energy|tv|music|comics|health
user579,environment|video games|world|basketball|food|comics|healthcare|directors|golf|reporters|horses|tv|people|immigration|banks|stock exchange|producers|energy|actors|wrestling
user580,internet|theatre|indexes|racing|directors
user581,actors|soccer|finance|indexes|education|reporters|technology|healthcare|style|theatre|companies|economists|whitehouse|children|snowboarding|baseball|skateboarding
user582,technology
user583,skateboarding|us|racing|directors|actors|history|weather|baseball|stock exchange|people|technology|comedians|figure skating|grammys|artists|oscars|movies|style|boxing
user584,theatre|baseball|oscars|soccer|horses|grammys|books
user585,automotive|internet|figure skating|soccer|elections|technology
user586,baseball|olympics|sportscasters|football|world|science|swimming|soccer|racing|basketball|iraq|finance|tennis|people|people|airlines|disasters|comics
user587,health|figure skating|music|disasters|artists
user588,tv|running|CEOs|basketball|horses|music|people|actresses
user589,history|snowboarding|education|horses|energy|iraq|basketball|music|immigration|other sports|figure skating|technology|directors|grammys|producers
user590,soccer|ncaa|racing|artists|airlines|education|directors|skateboarding|horses|boxing|energy|swimming|comedians|video games|iraq|baseball|people|sportscasters|stock exchange|economists
user591,food
user592,immigration|weather|CEOs|skateboarding|oscars|indexes|iraq|soccer|comedians|world|actresses|disasters|finance|whitehouse|elections|books|economists|racing
user593,science|movies|grammys|actresses|energy|sportscasters|style|whitehouse|education|skateboarding|finance|health|comics|environment|children
user594,energy|swimming|soccer|grammys|healthcare|weather|horses|skateboarding|science|CEOs|golf|snowboarding
user595,oscars|world|tv|environment|running|people|stock exchange|racing|issues|education|whitehouse|golf|elections
user596,comedians|world|models|tv|comics
user597,economists|boxing|iraq|education|tv|healthcare
user598,us|technology|figure skating|companies|reporters|swimming
user599,science|artists|automotive|weather|directors|olympics
user600,health|hockey|snowboarding|racing|wrestling|actors|directors|technology|books|whitehouse|grammys|football|issues|studios|iraq|models|real estate
user601,real estate|disasters|soccer|education|golf|automotive|football|stock exchange|music|running|horses|tv|children|producers|swimming|oscars|grammys
user602,hockey|sportscasters|figure skating|comedians|racing|healthcare
user603,books|baseball|tv|health|olympics|producers|boxing
user604,health|football|horses|science|internet|iraq|sportscasters|music|issues|us|economists|food|golf|movies
user605,whitehouse|history
user606,olympics|books|comics|music|stock exchange|producers|tv|hockey|technology|models|movies|airlines|world|education|baseball|technology|wrestling|energy|video games|other sports
user607,technology|football|sportscasters|us|companies|healthcare|tennis|soccer|elections|energy|movies|artists|other sports|studios
user608,automotive|people
user609,technology|hockey|immigration|models|artists|figure skating|issues|basketball|environment|world|people|comics|running
user610,technology|reporters|books|sportscasters|hockey|education|health|actresses|wrestling|oscars|football|comics
user611,us|oscars|theatre|actresses
user612,other sports|companies|wrestling|producers|artists|science|banks|running|people|weather|taxes
user613,economists|food|people|children|boxing|oscars|soccer|iraq|tennis|indexes|energy|weather|other sports|stock exchange|environment|style|banks
user614,style|people|indexes
user615,swimming|studios|style|skateboarding|people|horses|figure skating|weather|boxing|energy|elections|children|companies|tv|running
user616,oscars|baseball|football|children|people|directors|soccer|boxing|history|health|iraq|economists|people|energy|indexes|grammys|us|immigration
user617,sportscasters|world|airlines|basketball|science
user618,indexes|tennis|world|food|actresses|issues|wrestling
user619,taxes|oscars|environment|actresses|disasters|studios|theatre|grammys|music|finance|airlines|world|snowboarding|banks|models|energy|immigration
user620,movies|energy|companies|basketball|baseball|soccer|energy|weather|figure skating|wrestling|finance|people|immigration|grammys|stock exchange|food|comics|tennis|music
user621,disasters|automotive|comics|stock exchange|banks|CEOs|racing|real estate|artists|football|boxing|people|internet|models|technology|video games
user622,reporters|producers|skateboarding|automotive|running|comedians|style|boxing|healthcare|snowboarding
user623,stock exchange|companies|reporters|weather|world|technology|comics|style|science|environment|directors|energy
user624,video games
user625,reporters|us|stock exchange|education|running|world|history|science|wrestling|comedians|companies|snowboarding|olympics|producers|movies|taxes|people|CEOs|oscars|economists
user626,real estate|healthcare|airlines|sportscasters|soccer|olympics|CEOs|video games|automotive
user627,sportscasters|CEOs|tennis|issues|companies|people|stock exchange|iraq|models|banks|history|internet|airlines|artists|whitehouse|theatre|real estate|elections|movies
user628,swimming|wrestling|food|finance
user629,automotive|airlines|weather|science|figure skating|us|football|disasters|tennis|hockey|snowboarding|whitehouse|skateboarding|tv|education|internet|taxes|history|economists|people
user630,economists|movies|science|people|education|technology|people|golf|world|boxing|finance
user631,actors|iraq|automotive|people|racing
user632,elections|disasters|finance|artists|stock exchange|style|education|immigration|issues|internet
user633,history|indexes|grammys|tennis|us|reporters|health
user634,hockey|baseball|technology|movies|racing|grammys|reporters|science
user635,automotive|grammys|indexes|environment|racing|weather|healthcare|CEOs|horses|football|style|skateboarding|people
user636,us|companies|sportscasters|artists|taxes|olympics
user637,actresses|education|studios|skateboarding
user638,immigration|energy|studios|energy|horses|children|technology|actresses|music
user639,running|baseball|style|producers|economists|banks|snowboarding|healthcare
user640,disasters|us|history|tennis|comics|airlines|stock exchange|immigration|style|swimming|figure skating|wrestling|tv|music
user641,models|finance|education|theatre|other sports|directors|immigration|science|tennis|running|us|people|indexes|grammys|technology|actors|companies|style|health|people
user642,iraq|wrestling|energy|sportscasters|racing|movies|skateboarding|actors|football|CEOs|children|music|tennis|immigration|science
user643,football|airlines|other sports|video games|wrestling|healthcare|hockey|energy|weather|CEOs|artists|horses|us|indexes|style|theatre
user644,technology|stock exchange|taxes|artists|other sports|weather|disasters|indexes|health|horses|soccer|finance|comics|producers|style|people|skateboarding
user645,real estate|economists|hockey|reporters|boxing|technology|other sports|running|airlines|healthcare|tv
user646,grammys|football|stock exchange|weather
user647,world|airlines
user648,technology|skateboarding|food|history|healthcare|whitehouse|running|actors|indexes|issues|disasters
user649,running|healthcare|companies|iraq|energy|banks|energy|sportscasters|airlines|technology|basketball|boxing|elections|history|children|tv|skateboarding
user650,indexes|skateboarding|comedians|education|history|tennis
user651,education|elections|producers|energy|artists|other sports|running|us|indexes|economists|music|studios|reporters
user652,actors|comics|finance|style|companies|airlines|comedians|producers|boxing|football|energy|reporters|studios|swimming|indexes|sportscasters|real estate|weather|elections
user653,economists|real estate|elections|grammys|banks|indexes|music|health|actresses|baseball|swimming|other sports|books|studios|people|video games|producers|CEOs
user654,directors|people
user655,actors|studios|healthcare|airlines|internet|world|people|energy|grammys|children|reporters|actresses|boxing|horses
user656,world|tv|finance|skateboarding
user657,boxing|healthcare|books|comedians|banks|issues|figure skating|people|technology|science|other sports|directors
user658,grammys|indexes|actors
user659,figure skating|sportscasters|producers|racing|technology|baseball|artists|models|issues|video games|iraq|world|energy|elections|energy
user660,artists|environment|comics|economists|studios|CEOs
user661,football|iraq|history|baseball|music|us|environment|elections
user662,racing|technology|indexes|figure skating|other sports|swimming|horses|science|economists|skateboarding|tennis|people|history|automotive|weather|environment|theatre|people
user663,soccer|finance|science
user664,banks|airlines|whitehouse|olympics|us|soccer|immigration|iraq|swimming|automotive|history|comics|snowboarding|boxing|football|movies|food|horses
user665,racing|horses|tennis|food|economists|snowboarding|grammys|technology|skateboarding|artists|airlines
user666,elections|grammys|models|reporters|artists
user667,history|baseball|reporters|us|CEOs|horses|internet|education|companies|ncaa|grammys|indexes|swimming|energy|world|healthcare|boxing|environment
user668,producers|internet|history|sportscasters|comics|health|horses|style|people|energy|video games|skateboarding|artists|science|disasters
user669,economists|baseball|horses|iraq|actors|sportscasters|issues|other sports|comedians|artists|finance|banks|health
user670,education|economists|energy|weather|ncaa
user671,whitehouse|weather|video games|companies|tv|olympics|real estate|football|disasters|artists|other sports|people|world|stock exchange|healthcare|sportscasters|health|technology
user672,snowboarding|world|ncaa|whitehouse|weather|running|automotive|technology|tv|disasters|theatre|books
user673,soccer|oscars|world|taxes|style|racing|boxing|disasters|grammys
user674,technology|models|golf|tennis|books|economists|internet|skateboarding|indexes|directors|history|reporters|people|world|music|finance|hockey|artists|taxes|movies
user675,indexes|technology|olympics|directors|automotive|music|tennis|comics|finance|snowboarding|weather|us|real estate|education|grammys|companies|figure skating|energy
user676,internet|automotive|swimming|us|food|healthcare|reporters|world|books|real estate|football|history|movies|tv|skateboarding|horses|immigration
user677,people|hockey|economists|technology|tv|indexes
user678,whitehouse|actors|science|skateboarding|models|golf|indexes|soccer|sportscasters|books|stock exchange|oscars|elections|movies
user679,tennis|books|economists|energy|world|automotive|education|food|energy|models|studios|sportscasters|golf|oscars|olympics|basketball|tv|hockey|internet
user680,indexes|technology|science|healthcare|companies|producers|comics|swimming|skateboarding|soccer|us|food|other sports|CEOs|economists|real estate|education
user681,indexes|science|skateboarding|baseball
user682,movies|grammys|finance|directors|comedians|weather|immigration|basketball|automotive|books|skateboarding
user683,iraq|other sports|boxing|indexes|golf|olympics|history|energy|video games|reporters|actors
user684,actresses|indexes|automotive|books|technology|producers|baseball|economists|people|internet|sportscasters|style|running|energy|tv|theatre|reporters|swimming
user685,oscars|baseball
user686,whitehouse|horses|movies|olympics|banks|basketball|hockey|indexes|healthcare
user687,video games|education|studios|music|disasters
user688,actors|figure skating|boxing|directors|books|history|artists|internet|horses|weather|airlines|soccer|world|music
user689,actors|companies|elections|technology|golf|ncaa|CEOs|video games|swimming|producers|energy
user690,skateboarding|horses|companies|health|internet|disasters|theatre|iraq|CEOs|energy|children|other sports|hockey|technology
user691,science|racing|video games|grammys|running|tv|baseball|energy|technology|theatre|reporters|swimming|actresses|finance|directors|basketball|automotive|movies|weather|technology
user692,soccer|oscars|environment|food|golf|books|companies|elections
user693,tv|basketball|companies|whitehouse|technology|other sports|wrestling|banks|actors|health|style|studios
user694,indexes|technology|us|baseball|environment|actors|energy|taxes|other sports|real estate|automotive|history|skateboarding|producers
user695,children|horses|history|people|theatre|taxes|boxing|tv|books|whitehouse|disasters|grammys|skateboarding|environment|healthcare|elections|music|producers|other sports
user696,healthcare|books|real estate|racing|stock exchange|movies|reporters|oscars|sportscasters
user697,us|movies|golf|books|people|skateboarding|models|comedians|hockey|comics|energy|companies|taxes|style|immigration|theatre|artists|finance|tv
user698,hockey|stock exchange|boxing|airlines|grammys|children|wrestling
user699,health
user700,education|tennis|hockey|energy|sportscasters|issues|health|history|golf|healthcare|elections|technology|comics|children|world|immigration|disasters|iraq
user701,actors|snowboarding|comedians|reporters|models
user702,environment|CEOs|actresses|immigration|grammys|soccer|disasters|baseball|sportscasters|ncaa|whitehouse|banks|internet|boxing|movies|children|directors|energy|elections
user703,tennis|books|banks|economists|energy|iraq|people|children|models|football|directors|music|theatre|skateboarding|video games|stock exchange|other sports
user704,actresses|theatre|producers|sportscasters|other sports|energy|internet|style
user705,us|tv|artists|actresses|issues|style|disasters|baseball|hockey|education|golf
user706,healthcare|other sports|comics|music|energy|technology|internet|actresses|models|basketball|skateboarding
user707,running|stock exchange|artists|comics|elections|taxes|iraq|children|companies|indexes|music|figure skating|tv|economists|energy|olympics
user708,technology|ncaa|movies|science|reporters|horses|world|books|figure skating|environment|history|internet|comics|skateboarding|stock exchange|wrestling|directors|models
user709,internet|football|health
user710,CEOs|tv|elections|actors|world|energy|finance|horses|whitehouse|ncaa|grammys|science|weather
user711,books|banks|horses|reporters|other sports|indexes|education|weather|environment|music|running|stock exchange|producers|style|video games|energy
user712,airlines|issues|soccer|football|elections|finance|reporters|swimming|people|whitehouse|skateboarding|people|directors|running
user713,running|us|soccer|internet|skateboarding|taxes|swimming|companies|technology|artists|banks|health|people|whitehouse
user714,actresses|wrestling|banks|movies|video games|people|theatre|CEOs|health
user715,elections|football|other sports|reporters|video games|actresses|figure skating|taxes
user716,studios|taxes|producers|oscars|whitehouse|technology|education|artists|children|comedians|us|movies|wrestling|style|tv|baseball|directors|grammys
user717,science|artists|elections|internet|indexes|taxes|golf|producers|companies|technology|economists|comedians|disasters|energy|iraq|music|automotive
user718,horses|iraq|immigration|theatre|comedians|oscars|science|real estate|internet|actresses|banks|people|style
user719,tv|directors|energy|skateboarding|technology|oscars|sportscasters|real estate|music|airlines|boxing
user720,producers|children|whitehouse|video games|disasters|history|books|racing|ncaa|real estate|people|education|issues|olympics|music|automotive|sportscasters
user721,music|elections|us|environment|real estate|healthcare|grammys|children|ncaa|companies|economists|banks|whitehouse|swimming
user722,companies|people|finance|other sports|olympics|issues|racing|actors|food|us|health|studios|soccer|ncaa|environment
user723,issues|whitehouse|music|grammys|finance|comics|immigration|books|golf|internet|real estate|companies|racing|airlines|automotive|comedians|health|history|oscars
user724,books|real estate|style|internet|comedians|tv|boxing|whitehouse|education|wrestling|grammys|issues|figure skating|finance|skateboarding|disasters|studios|models|history|companies
user725,music|figure skating|tv|ncaa|style|internet
user726,reporters|video games|models|automotive|sportscasters|soccer
user727,issues|us
user728,history|baseball|people|football
user729,theatre|baseball
user730,automotive|video games|children|elections|indexes|finance|movies|history|us|comics|whitehouse|skateboarding|actors|boxing
user731,whitehouse|movies|CEOs|actors|technology|people|automotive|people|style|horses
user732,internet|sportscasters|skateboarding|artists|economists|soccer|comics|issues
user733,weather|soccer
user734,companies|olympics|actresses|whitehouse|actors|energy|boxing|science|models|directors|baseball|producers|technology|indexes|horses|immigration|iraq
user735,comedians|us|horses|tennis|ncaa|people|environment|golf
user736,airlines|horses|indexes
user737,taxes|elections|basketball
user738,tennis|producers|figure skating|people|running|books|style|basketball|actresses|music|other sports|companies|banks
user739,technology|horses|issues|automotive|football|technology|skateboarding|style|artists|boxing|banks
user740,books|energy|other sports|snowboarding|basketball|video games|elections|iraq|theatre|football|movies|indexes|directors|grammys|immigration|sportscasters|people|CEOs|environment|racing
user741,immigration|tennis|energy
user742,people|boxing|football|golf|running|olympics|grammys|elections|figure skating|CEOs|science|other sports|healthcare|reporters|internet|swimming|technology|real estate
user743,style|whitehouse|immigration|studios|airlines|stock exchange|people|us|internet|baseball|video games|ncaa|football|directors|history|golf|artists|horses|sportscasters|snowboarding
user744,finance|iraq|companies|science|technology|comics|olympics|immigration|models|horses|tv|movies|energy|banks|sportscasters|people
user745,video games|history|swimming|CEOs|comics|tennis|automotive|music|golf|racing|energy|iraq|olympics|issues
user746,comedians|taxes|whitehouse|real estate|ncaa|internet|healthcare|technology|style
user747,olympics|weather
user748,banks|technology|finance|healthcare|actresses|reporters|science|people|weather|health|basketball|energy|models
user749,horses|us|companies|artists|taxes|figure skating|actresses|swimming|basketball|football|tv
user750,people|history|issues|internet|healthcare|taxes|hockey|sportscasters|technology|movies|ncaa|world|racing|wrestling|CEOs|iraq|grammys
user751,stock exchange|ncaa|figure skating|banks|soccer|disasters|wrestling|science|issues|golf|environment|directors|skateboarding|CEOs|weather|video games|people
user752,indexes|automotive|running|figure skating|energy|elections|horses|airlines|healthcare|ncaa|artists|oscars|sportscasters|theatre
user753,iraq|healthcare|internet|books|movies|skateboarding|racing|tennis|figure skating|actresses|directors
user754,racing|technology|directors|other sports|companies|wrestling|skateboarding
user755,finance|elections|world
user756,books|education|banks|soccer|issues|horses|other sports|ncaa|disasters|racing
user757,running|education|other sports|tv
user758,technology|theatre|grammys|stock exchange|producers|skateboarding|energy|science|books|internet|children
user759,music|health|food|energy|reporters|economists|movies|artists|banks|racing|CEOs|figure skating|grammys|elections|wrestling|energy
user760,elections|wrestling
user761,technology|books|technology|producers|world|stock exchange|horses|ncaa|weather|style|swimming|environment|skateboarding|health|people|people|hockey|sportscasters|figure skating
user762,energy|elections|baseball|CEOs|golf|running|people|health|history|skateboarding|children|books|disasters|basketball|horses|energy|technology|boxing|grammys|environment
user763,models|other sports|tennis|comics|books|olympics|indexes|oscars
user764,education|banks|airlines|actors|people|video games
user765,grammys
user766,energy
user767,automotive|golf|history|snowboarding|studios|hockey|ncaa|indexes|comics|boxing|movies|wrestling|energy|video games
user768,basketball|video games|movies|children|soccer|health|taxes|economists|indexes|whitehouse|golf|weather|internet|snowboarding|baseball|people|books
user769,skateboarding|basketball|energy|companies|elections|food|wrestling
user770,energy|wrestling|immigration|us|health|disasters|issues|music|stock exchange|whitehouse
user771,directors|producers|artists|taxes|other sports|actresses|snowboarding|economists|internet|soccer|automotive
user772,tennis|reporters|history|other sports|people|food|golf|books|olympics|iraq|style
user773,directors|reporters|real estate|comedians|CEOs|actresses|figure skating|actors|finance|video games
user774,stock exchange|health|video games|energy|movies|disasters|style
user775,indexes|technology|books|disasters|taxes|ncaa|whitehouse|history|internet
user776,swimming|music|issues|disasters|boxing|companies|basketball|stock exchange|artists|world|weather|theatre|taxes|hockey|comics|real estate|food|children|economists|style
user777,environment|actresses|studios|companies|food|finance|education|science|weather|energy|books
user778,CEOs|skateboarding|world|reporters|books|comics|movies|disasters|whitehouse|indexes|horses|taxes|swimming|boxing|airlines
user779,energy|health|companies|technology|music|world|internet|tennis|golf|iraq|whitehouse|economists|CEOs
user780,baseball|disasters|airlines|history|figure skating|movies|issues|olympics|running|health|actresses|immigration|music|companies
user781,football|history|producers|stock exchange|whitehouse|golf|sportscasters
user782,racing|video games|real estate
user783,video games|actresses|basketball|disasters|indexes|companies|automotive|snowboarding|immigration|education|people|whitehouse|figure skating
user784,indexes|elections|world|health|real estate|music|baseball
user785,snowboarding|economists|taxes|indexes|comedians|wrestling|elections|health|books|golf|automotive|basketball|running|style|actresses|skateboarding|world|science|ncaa
user786,history|healthcare|baseball|running|technology|basketball|football|skateboarding|people|producers
user787,energy|issues|ncaa|music|reporters|theatre|food|education|taxes
user788,oscars|us|music|issues|indexes|boxing|figure skating
user789,olympics|airlines|actors|skateboarding|indexes|internet|energy|books|world|movies|grammys|ncaa|producers|basketball|disasters|iraq|snowboarding|energy
user790,disasters|producers|whitehouse|companies|directors|automotive|books|ncaa|actors|swimming|music|baseball|energy|taxes|artists
user791,education|airlines|immigration|children|CEOs|figure skating|banks|actors|comics|video games|stock exchange|studios|artists|taxes|sportscasters|boxing|horses
user792,comedians|baseball|swimming|video games|oscars|football|tv|actors|healthcare
user793,horses|directors|iraq|world|theatre|finance|actresses|comics|elections|swimming|health|running|skateboarding|hockey|producers|energy|sportscasters|baseball|music
user794,health|elections|disasters|companies|football|horses|video games|airlines|boxing|racing|people|education|world|people|reporters|producers|wrestling|theatre
user795,tv|ncaa|reporters|figure skating|oscars|hockey|baseball|models|stock exchange|football
user796,grammys|comedians|internet|history|immigration|people|horses|CEOs|producers|disasters|ncaa|video games|real estate
user797,comedians|immigration|technology|ncaa|baseball
user798,automotive|finance|oscars|ncaa|skateboarding|whitehouse
user799,automotive|actresses|airlines|children
user800,books
user801,environment|iraq|olympics
user802,hockey|people|science|economists|olympics|tennis|movies|companies|books
user803,actresses|running|producers|real estate
user804,healthcare|basketball|ncaa|technology|immigration|history|taxes|artists|environment|elections|oscars
user805,us|iraq|automotive|actresses|horses|comics|hockey|grammys|olympics|people|children|people|indexes|disasters|studios|tennis
user806,actresses|internet|sportscasters|iraq|basketball|health|skateboarding|producers|real estate|tennis|comics|other sports|banks|technology|economists|figure skating|education|football|horses|world
user807,environment|movies|comics|hockey|food|automotive|immigration|disasters|people|snowboarding|companies|basketball|education|football|baseball|people|whitehouse
user808,figure skating|artists|energy|theatre|economists|models|swimming|automotive
user809,theatre|racing|oscars|people|finance|other sports|ncaa|music|healthcare|stock exchange|style|baseball|iraq|immigration|actors|sportscasters|artists|companies|grammys|snowboarding
user810,indexes|horses|actors|reporters|banks|sportscasters|stock exchange|science
user811,stock exchange|weather|video games|energy|running
user812,energy
user813,economists|oscars|indexes|issues|studios|CEOs|us|producers|world
user814,sportscasters|music|baseball|us
user815,finance
user816,comedians|us|world|running|tv|environment|energy|immigration|issues|disasters
user817,boxing|wrestling|elections|CEOs|banks|people|actors|oscars
user818,horses|banks|actresses
user819,world|basketball|science|disasters|CEOs|immigration|indexes|boxing|weather
user820,companies|tv|science|sportscasters|studios|producers|models|boxing|real estate|horses|technology
user821,baseball|airlines|elections|grammys|sportscasters|boxing|energy|internet|healthcare|artists|automotive|football|directors|issues|real estate|technology
user822,comics|whitehouse|oscars|people|skateboarding|olympics|energy|football|swimming
user823,elections|automotive|issues|running|skateboarding|ncaa
user824,reporters|running|immigration|boxing|directors|golf|books|education|grammys|swimming|music|airlines|other sports
user825,children|science|energy
user826,people|stock exchange|sportscasters|snowboarding|elections|football|healthcare|education|finance|history|actresses|iraq
user827,energy|basketball|healthcare|automotive|companies|models|real estate|oscars|taxes|football|running|soccer|video games|reporters|comics|economists|racing
user828,sportscasters|health|real estate|banks|environment|running
user829,companies|energy|energy|indexes|automotive|theatre|swimming|environment|skateboarding|CEOs
user830,weather|automotive|energy|oscars|environment|olympics|racing|internet|energy|reporters|snowboarding|comedians|directors|boxing|us|economists|studios|baseball|golf|health
user831,companies|health|artists|oscars|iraq|actresses|economists|people
user832,producers|food|people|finance|internet
user833,figure skating|healthcare
user834,weather|style|banks|running|internet|people|CEOs
user835,theatre|indexes|reporters|horses|science|automotive|video games|companies|elections|taxes|baseball|airlines|football|banks|olympics|people|disasters
user836,environment|science|producers|tennis|wrestling|stock exchange|ncaa|style|taxes|technology|artists|music|swimming|snowboarding|finance
user837,olympics|technology|music|boxing|finance|swimming|theatre|football|skateboarding|world|food|tv|whitehouse
user838,horses|actors|weather|food|tv|energy|snowboarding|theatre|stock exchange|video games|education|CEOs|books
user839,books|reporters|indexes|us|skateboarding|history|technology|snowboarding|ncaa|technology|horses|people|children|CEOs|finance|olympics|football
user840,theatre
user841,models|hockey|wrestling|style|taxes|healthcare|people|golf|swimming|grammys|economists|oscars|automotive
user842,energy|iraq|hockey|education|oscars|comedians|environment|economists|tennis|us|airlines|grammys|people
user843,music|tennis|environment|ncaa|actresses|stock exchange|science|other sports|energy|comics|energy|baseball|elections|swimming|tv|soccer|snowboarding|theatre|economists
user844,indexes|elections|CEOs|stock exchange|football|finance|airlines|basketball|golf
user845,skateboarding|baseball|movies|racing|indexes|health|real estate|actors|world|airlines|science|stock exchange|children
user846,swimming|studios|racing|running|directors|science|history|models|grammys
user847,hockey|wrestling|real estate|immigration|people|history|artists|energy|music|people|swimming|theatre|tennis|video games|us|basketball|weather|stock exchange|taxes
user848,style|studios|us|actresses|health|airlines|hockey|technology|energy|artists|whitehouse|producers|grammys
user849,swimming|immigration|environment|artists|golf|theatre|oscars|olympics|producers|taxes|football
user850,banks|world|other sports|comedians|studios|taxes|ncaa|elections|real estate|energy|issues|oscars|CEOs|finance|baseball|people|music|us|companies
user851,figure skating|reporters|ncaa|boxing|banks|elections|immigration|internet|soccer|taxes|running|stock exchange
user852,companies
user853,weather|olympics|indexes|oscars|ncaa|economists|snowboarding|children|artists|people|energy|horses
user854,sportscasters|finance|technology|history|internet|grammys|baseball|immigration|running|wrestling|whitehouse|taxes|banks|studios|world|comedians|children|economists|football
user855,wrestling|technology|comics|grammys|artists|food|energy|environment|banks|music
user856,racing|models|reporters|internet|people|horses|economists|actors|people|artists|grammys
user857,horses|figure skating|iraq|companies|football|artists|ncaa|olympics|energy|style|disasters|models|stock exchange|elections|food|us|skateboarding|baseball|people|studios
user858,world|other sports|tennis|indexes|children|health|comics|golf|people
user859,energy|producers|food|football|indexes|actresses|golf|ncaa|world|technology|racing
user860,running|snowboarding|comedians|education|people|grammys|children|airlines|history|iraq|video games|comics|immigration|movies|technology|issues|indexes|world|people
user861,technology|immigration|indexes|actresses|boxing|finance|other sports|people|ncaa|internet|models|environment|sportscasters|grammys
user862,history|ncaa|hockey|people|movies|figure skating|wrestling|energy|comedians|boxing|technology|baseball|artists|immigration
user863,airlines|racing|tennis|stock exchange|food|golf|reporters|books|running|tv|soccer
user864,indexes|racing|automotive|producers|movies|boxing|figure skating|comedians|stock exchange|actors|soccer|real estate|science|energy|other sports|education
user865,books|baseball|football|economists|children|other sports|indexes|comics|swimming|history|people|studios|healthcare|elections|science|iraq|tv|taxes|energy
user866,science|automotive|education|companies|environment|actors|internet|economists|football
user867,grammys|figure skating|music|real estate|healthcare|finance|horses|weather|wrestling|movies
user868,books|disasters|studios|basketball|snowboarding|artists|actresses|music|science|video games|environment|CEOs|immigration|banks|figure skating|swimming|indexes
user869,indexes
user870,snowboarding|books|olympics|education|weather|CEOs|directors|tennis|football|actors|music|movies|economists|elections|style|environment|banks|horses
user871,people|olympics|stock exchange|technology
user872,comedians|ncaa|companies|issues|automotive|skateboarding|weather|health|people|swimming|sportscasters|immigration|internet|technology|oscars|racing|music|artists|indexes
user873,health|disasters|wrestling|hockey
user874,iraq|people|studios|taxes|issues|people
user875,reporters|olympics|airlines|finance|stock exchange|music|figure skating|banks|grammys
user876,grammys|actors|ncaa|immigration
user877,history
user878,sportscasters|whitehouse|CEOs|economists|baseball|wrestling|directors|tv
user879,artists|taxes|disasters|boxing|real estate|tennis|automotive|environment|sportscasters|books|olympics|soccer|us|basketball
user880,indexes|us|actresses|music|ncaa
user881,world|models
user882,music|real estate|racing|actresses|reporters|people|environment|children|models|tennis|science|theatre|food|tv|indexes|energy|airlines|figure skating|movies|disasters
user883,soccer
user884,style|us|comics|disasters|soccer|reporters|economists
user885,history|tv|CEOs
user886,airlines|music|models|CEOs|running|finance|actresses|real estate|racing|olympics|economists|actors
user887,models|studios|history|music|technology|energy|books
user888,directors|comedians|indexes|oscars|banks|stock exchange|disasters|technology|video games|studios
user889,racing
user890,whitehouse|tennis|environment|swimming|directors|food|energy|actresses|issues|technology|real estate|children|weather|companies|technology
user891,history|iraq|boxing|children|automotive|weather|healthcare|books|snowboarding|video games|actors|finance|technology|companies|artists|food|health|technology|energy|hockey
user892,comedians|weather|environment|issues|style|comics|producers|science|real estate|us|actors|whitehouse|models|tv|golf|theatre|books|children
user893,airlines
user894,energy|airlines|history|theatre|finance|producers|whitehouse|books|comics|stock exchange|music|weather|running|technology|snowboarding|taxes|banks|grammys
user895,skateboarding|models|children|ncaa|football|studios|artists|running|internet|tv|indexes|elections|oscars|CEOs|horses|economists|comics|sportscasters|companies|stock exchange
user896,finance|video games|banks|food
user897,economists|science|sportscasters|tv|whitehouse|issues|models|food
user898,stock exchange|studios|actresses|running|tv|soccer|boxing|economists|energy|people|theatre|CEOs|golf|technology|environment|issues|skateboarding
user899,companies|food|olympics|comedians|banks|automotive|issues
user900,taxes
user901,banks|other sports|artists|real estate
user902,economists|stock exchange|tennis|racing|people|internet|soccer|golf|CEOs
user903,models|producers|style|actresses|finance|children|us|movies|comedians
user904,movies|history|video games|baseball|whitehouse|education|issues|healthcare|CEOs|people|directors|boxing|energy
user905,taxes|environment|technology|us|running|companies|tennis|artists|real estate
user906,other sports|tennis|taxes|boxing|soccer|people|artists|studios|football|music|history|stock exchange|movies|health|banks|technology|wrestling|healthcare
user907,energy|theatre|healthcare|racing|real estate|actresses|technology|automotive|artists
user908,finance|theatre|music|golf|disasters|weather|wrestling|swimming
user909,economists|music|health|people|tennis|style|video games
user910,books|history|energy|running|taxes
user911,CEOs|food|actors|tennis|comedians|health|swimming|horses|history|people|automotive|science|energy|hockey|actresses|books|energy|studios
user912,basketball|soccer|iraq|actresses|science|automotive|stock exchange|ncaa|actors
user913,children|finance|style|banks|healthcare|people|technology
user914,people|taxes|grammys|education|us|theatre|companies|baseball
user915,finance|olympics|issues|health|people|golf|healthcare|snowboarding|real estate
user916,figure skating|whitehouse|basketball|skateboarding|us|movies|CEOs|taxes|horses|oscars|immigration|internet|companies|real estate|elections|stock exchange|artists|music|health
user917,other sports|books|world|food|education|economists|airlines|basketball|grammys|baseball|sportscasters|issues|energy|theatre
user918,technology|real estate|basketball|swimming|automotive|internet|children|banks|hockey|indexes|immigration|energy
user919,artists|producers|banks|environment|models|grammys|swimming|education|science|oscars|golf
user920,models
user921,producers|reporters|other sports|energy|technology|history|taxes|models|us|boxing|people|baseball|real estate|music|olympics|elections|comedians
user922,skateboarding|iraq|running|models|comedians|world|stock exchange|boxing|companies|books|style|weather|video games|other sports|whitehouse|hockey|directors|sportscasters|health|tv
user923,music|healthcare|people|racing|models|people|other sports|hockey|soccer|swimming|basketball|taxes|horses|health|books|reporters|elections|artists
user924,children|stock exchange|other sports|snowboarding|style|reporters|taxes|us|music|issues|banks|swimming|companies|weather|video games|basketball|models
user925,running|airlines|other sports|oscars|history|sportscasters|companies|figure skating|olympics|finance|iraq|video games|internet|world|weather|elections|health|theatre|studios
user926,us|soccer|racing|ncaa|environment|stock exchange|tv|boxing
user927,music|snowboarding|issues|reporters|swimming|actors|stock exchange|health|comics|football|figure skating|comedians|technology|whitehouse|airlines|style|books|energy|grammys
user928,science|automotive|baseball|us|skateboarding|children
user929,actresses|science|oscars|finance|swimming|immigration|hockey|style
user930,basketball|models|ncaa|golf|economists|soccer|education
user931,us|producers|golf|CEOs|horses|reporters|real estate|hockey|energy|weather|education
user932,running|other sports|reporters|football|comedians|weather|directors|tennis|soccer|basketball|golf|comics|studios|people|actresses|finance|sportscasters|iraq|snowboarding
user933,food|finance|artists|airlines|other sports
user934,swimming|soccer|producers|banks|elections|directors|internet|baseball|olympics|people|disasters|reporters|books|skateboarding|energy|boxing|weather
user935,comics|oscars|books|actresses|snowboarding|children|world|boxing
user936,producers|issues|CEOs|books
user937,healthcare|ncaa|education|producers|actors|finance|sportscasters|grammys|figure skating|us
user938,companies|taxes|people|figure skating|economists
user939,real estate|tv|iraq|golf|taxes|boxing|internet|actors|soccer|energy|horses|hockey|food|wrestling|health|weather|tennis|racing|skateboarding
user940,healthcare|us|hockey|oscars
user941,health|basketball|real estate|models|horses|movies|automotive|reporters|tennis|sportscasters|studios|racing|figure skating
user942,reporters|taxes|education|world|football|food|racing|science|horses|oscars|actresses|boxing|us
user943,energy|iraq|finance|weather|actresses|olympics|horses|style|immigration|producers
user944,CEOs|education|healthcare|science|finance|swimming|studios|books|elections|other sports|us|artists|hockey|food|technology|children|immigration|oscars|taxes|internet
user945,basketball|stock exchange|artists|health|skateboarding|whitehouse|producers|history|ncaa|companies|swimming
user946,technology|health|running|movies|banks|energy|us|basketball|healthcare|producers|olympics|indexes|actors|CEOs|economists|horses|video games|automotive|airlines|technology
user947,energy|healthcare|food|basketball|taxes|music|oscars|us|real estate|football|people|finance|tennis|producers|baseball|grammys|history|racing|models
user948,us|environment|football|other sports|wrestling|music|models|producers|tv|studios|CEOs|economists
user949,finance
user950,people|food|basketball|books|tennis|hockey|wrestling|economists
user951,immigration|video games|us|iraq|snowboarding|disasters|tv|health|finance|airlines|tennis|football|energy|technology|people|issues|movies|internet
user952,indexes|movies
user953,banks|models
user954,olympics|history|figure skating|oscars|actresses
user955,artists|people|companies|stock exchange|disasters|issues|comedians|racing|sportscasters|running|tv|olympics|healthcare|economists|snowboarding|tennis
user956,ncaa|figure skating|banks|models|real estate|economists|energy
user957,football|studios|actresses|CEOs|comedians|wrestling|tennis|actors|finance|tv|racing|oscars
user958,environment|people|style|other sports|issues|iraq|football|snowboarding|finance|tennis|us|education|comics|history|people|grammys|automotive|health
user959,video games|children|music|actors|health|reporters|figure skating|horses|indexes|sportscasters|racing|models|boxing|science|iraq|directors
user960,environment|boxing|indexes|producers|movies|energy|models|books|actresses|energy
user961,elections|other sports|us|olympics|soccer|tennis|banks|indexes|technology|skateboarding|sportscasters|theatre|CEOs|healthcare|music
user962,science|models|directors|taxes|technology|basketball|children|football|soccer
user963,automotive|figure skating
user964,sportscasters|energy|directors|technology|issues|artists|education|books|hockey|iraq|children
user965,elections|issues|us|ncaa|healthcare|tv|food|models|football
user966,video games|science|finance|children|reporters|olympics|people|tennis
user967,models|taxes|olympics|energy|real estate|theatre|sportscasters|snowboarding|CEOs|economists|people|boxing|weather|energy
user968,grammys|football|tv
user969,indexes|real estate|history|issues
user970,figure skating|boxing|internet|science|soccer|real estate|comedians|football|studios|airlines|books
user971,stock exchange|weather|immigration|automotive|health|theatre|other sports|studios|science|basketball|baseball|airlines
user972,taxes|disasters|automotive|indexes|style|science|theatre|companies|history|swimming|wrestling|basketball|books|video games|CEOs|golf|banks|weather|tennis
user973,oscars|hockey|models|economists|elections|grammys|world|people|figure skating|horses|tennis|internet|automotive|environment
user974,skateboarding|style|people|people|issues|boxing|world
user975,figure skating|wrestling|other sports|olympics
user976,models|books|economists|oscars|tv|skateboarding|science
user977,artists|energy|grammys|iraq|boxing|food|science|environment|children|snowboarding|disasters|people|oscars
user978,people|olympics|economists|other sports|golf|internet|basketball|actresses|disasters|models|running|music|horses|immigration|baseball
user979,companies|healthcare|real estate|actors|oscars|artists|technology|racing|iraq|energy|education|producers|actresses|issues|snowboarding|reporters|history
user980,models|football|boxing|immigration|video games|finance|actresses|companies|theatre|automotive|world|hockey|skateboarding|children|actors|artists|olympics|CEOs|taxes
user981,olympics|energy|us|science|economists|finance|golf|models|racing|baseball|technology|sportscasters|immigration|environment|theatre|companies|health|running
user982,people|CEOs|iraq|theatre|energy|comedians|oscars|people
user983,immigration|snowboarding|running|weather|theatre|producers|CEOs|world|stock exchange|football|oscars|people|studios|children|figure skating|golf
user984,history|soccer|reporters|environment
user985,wrestling|hockey|soccer|education|studios|snowboarding
user986,oscars|theatre|history|video games|grammys|producers|swimming|taxes|movies|comics
user987,video games|issues|models|music|healthcare|actresses|children|golf|producers|baseball|style|soccer|indexes|technology|real estate|racing|other sports
user988,disasters|weather|science
user989,wrestling|actresses|sportscasters
user990,hockey|stock exchange|children|movies|people|artists|baseball|studios|us|grammys|wrestling|banks|issues|golf|theatre|world|technology|tennis|style|racing
user991,baseball|oscars|health|real estate|taxes|comedians|CEOs|tennis|finance|automotive|education
user992,technology|tennis|studios|horses|producers|actresses|books|weather|snowboarding|reporters|olympics|style|taxes|tv|internet|technology|grammys|baseball
user993,companies
user994,world|automotive|technology|swimming|oscars|boxing|science|history
user995,swimming|football|books|immigration|CEOs|wrestling|studios|theatre|figure skating|world|energy|disasters|baseball|actors
user996,energy|history|other sports|sportscasters
user997,olympics|actresses|energy|history|models|children|automotive|wrestling|books|movies|weather|tennis
user998,airlines|actresses|environment|weather|books|grammys
user999,golf|healthcare|running|history|science|studios|style|racing|baseball|models|hockey|technology|ncaa|wrestling|environment|banks
